id,titre,date,dur√©e,tags
0,Comment bien d√©buter avec une Ender 3,4 avr. 2019,30:15,"Imprimante 3D, ender 3, Print, 3D, Impression 3D"
1,"Ender 3 : Unboxing, montage et premi√®re impression",14 juil. 2018,1:12:27,"ender, creality, unboxing, deballage, ouverture, montage, installation, evaluation, test, imprimante, printer, 3d, printing, imprimer, meilleur"
2,Creality Ender 3 : Comment bien d√©marrer dans le monde de l'impression 3D ?,15 janv. 2019,36:32,"amk, arkilon model kits, modelisme, maquettisme, french plastik, fr, francais, france, creality ender 3, ender 3, impression 3d, tutoriel ender 3, 3d, cura, slicer, tinkercade"
3,"Ender 3 - Mes conseils ! Cura, r√©glages, montage, entretien",19 f√©vr. 2019,18:06,"ender 3, creality, imprimante 3D, conseils, tuto, montage, entretien, fr, extrudeur, filament, 3D, eskice, miniature, mod√©lisme, soclage, figurine, warhammer, 40000, games workshop"
4,Creality Ender 3 -  Pr√©sentation et assemblage,16 sept. 2018,1:13:59,"Imprimante 3D, Creality, Ender 3, techno, geek, impression 3d"
5,Guide pour bien d√©buter dans l'impression 3D !,15 juin 2019,15:16,"heliox, guide d√©butant impression 3d, d√©butant imprimante 3d, impression 3d pour les nuls, d√©butant impression 3D, comment bien d√©buter dans l'impression 3D, comment bien d√©buter imprimante 3D, guide d√©butant imprimante 3D, param√®tre imprimante 3D, r√©gler plateau imprimante 3D, BL touch, bien d√©buter dans l'impression 3D, bien d√©buter imprimante 3D, imprimante 3d comment √ßa marche, imprimante 3d comment faire, impression 3D pour d√©butant, imprimante 3D pour d√©butant"
6,CR√âER SES PROPRES OBJETS EN 3D ! (Tuto),28 nov. 2018,12:25,"Peanut, MrPeanut, Peanut3D, Impression3D, Imprimante3D, Print, 3DPrinting, Printer, CR10, tuto, tuto mod√©lisation, mod√©lisation, mod√©lisation 3D, modelling, tinkercad, fusion360, blender, logiciel de mod√©lisation, comment mod√©liser, mod√©liser gratuitement, logiciel gratuit, comment mod√©liser gratuitement"
7,DEBUTER LA MODELISATION 3D,29 nov. 2018,12:30,"Modelisation, 3D, impression, filaments, filament, ender3, ender, cr10, cr, 10, Apple, iphone, peanuts, peanut, heliox, alfawise, u20, tommy, slicer, barbu, la grotte, la, grotte"
8,TUTO IMPRESSION 3D: MOD√âLISATION AVEC BLENDER,23 avr. 2017,7:45,"impression 3D, imprimer, 3D, imprimer en 3D, blender, mod√©lisation, yt:quality=high, cr√©er, tuto, tutoriel, tutorial, blender 3D, prusa i3, Reprap"
9,Prise en main de CURA : Comment pr√©parer vos impressions 3D,11 ao√ªt 2019,42:52,"impression 3d, imprimante 3d, cura, slicer, trancheur, apprendre cura, prise en main de cura, tutoriel cura, tutorial cura, apprentissage de cura, apprendre impression 3D, pas √† pas, logiciel impression 3d, logiciel imprimante 3d, logiciel ender 3, creality, cr√©er un Gcode, gcode, param√®tre de cura"
10,Le design 3D pour d√©butants avec Tinkercad,25 nov. 2017,21:39,"tinkercad, solidworks, fusion 360, fusion360, 3d design, design 3d, 3d, design, modelisation, modelisation 3d, imprimante 3d, impression 3d, laser, cnc, cutter, 3d printer, printer, 3d printing, imprimante, autodesk, cura, simplify 3d, tutoriel, electronique, electronics, tommy desrochers, td72pro, review, test"
11,"BORDURE, BRIM ET WARPING (IMPRIMANTES 3D)",20 mars 2018,5:35,"BORDURE, BRIM, WARPING, Imprimante 3D, QUICKDEF, D√©buter, D√©butant, DIY, imprimante 3d, 3d, diy, electronique, DEFINITION, JUPE, SKIRT, impression 3D, Slicer, CURA, Simplify 3D, IceSL, Creality3D, CR-10, Impression3D, Imprimante3D, Print, 3DPrinting, Printer, CR10, Repetier, D√©collement, Filament, Conception 3D, Atelier"
12,Buse ou t√™te d'impression 3D bouch√©e ?! üò° Les solutions ! üòÄ,11 janv. 2019,13:33,"imprimante 3d alfawise u20, imprimante 3d, impression 3D, cr 10, produit nettoyant imprimante, cr 10 upgrades, Buse, t√™te d'impression, d√©montage, e3d v6, impression 3d metal, probl√®mes impression 3d, bouchage buses, PLA, ABS, PETG, tuto 3d, tuto comment d√©boucher sa buse, d√©boucher buse imprimante 3d, buse bouch√©e, nettoyage buse, 3d printer, 3d printing, e3d v6 vs clone, impression 3d filament metal, buse bouch√©e dagoma, impression 3d filament bois, e3d v6 assembly"
13,CURA 3.6 : Param√®tres uniques par pi√®ce imprim√© en 3D (Remplissage) üëç,15 f√©vr. 2019,8:45,"impression 3d, imprimante 3d, reglage cura, cura 3.6, cura 3.6 settings, 3D print, d√©butant, tutoriel cura, cura tutorial, tuto cura, param√®tres cura, impression 3D cura, para√®tres diff√©rents cura, cura 3.6 tutorial, tuto cura 3.6, conception 3D, PLA, ABS, rigidit√© plastique, remplissage impression 3d, impression 3d cura, facile, comment faire, Param√®tres uniques cura, addon cura, plugin cura, 3D printer, FDM, plateau impri, plateau imprimante 3d"
14,"R√©traction, cheveux d'ange et stringing (Param√®tres d'impression 3D)",1 mars 2019,16:15,"BenTeK.fr, imprimante 3d, impression 3d, r√©traction, retraction, retractation, r√©tractation, cheveux d'ange, cheveux d'anges, stringing, reglage cura, comment faire, 3d printer, buse, bouchage de buse, filament, pla, abs, petg, flexible, bowden, direct drive, cura, param√®tres cura, simplify3D, slic3r, tutorial, tutoriel, tuto cura, tuto simplify3D, tuto fran√ßais, tuto slic3r francais, tuto cura francais, tuto simplify3D fran√ßais, tuto impression 3d, calibration, hotend, e3d titan"
15,Mes 5 astuces et conseils pour l'impression 3D !,6 mars 2019,17:23,"heliox, le labo d'heliox, axelle, le labo, comment faire, impression 3D, imprimante 3d, astuces impression 3D, astuces imprimante 3D, astuce impression 3D, astuce imprimante 3D, adh√©rence impression 3D, 3Dlac, astuce bricolage, air gun, SLS 1052, Spray 3DLAC, Laque impression 3D, conseils impression 3D, 3d print tips, adh√©rence plateau, alfawise, r√©duire bruit imprimante 3D, enlever traces plateau d'imprimante, gcode, filament humide"
16,comment √ßa marche l'impression 3D - D√©buter en impression 3D - les √©tapes,1 mars 2019,23:51,"√©tapes, impression 3d, d√©buter, commencer, d√©roulement, conception, objet, 3d, comment, √ßa, marche"
17,Partie 1 : La modeÃÅlisation - Tuto Blender deÃÅbutant,18 f√©vr. 2020,39:20,"La modeÃÅlisation Blender deÃÅbutant, La modeÃÅlisation Blender, la modeÃÅlisation sur blender, la modeÃÅlisation dans blender, la modeÃÅlisation avec blender, faire de la modeÃÅlisation avec blender, modeÃÅlisation blender, modeÃÅlisation blender 2.8, mod√©lisation 3d blender 2.8, tuto mod√©lisation blender, tuto mod√©lisation blender d√©butant, tuto blender d√©butant, comment mod√©liser sur blender, tuto blender francais, tuto blender francais debutant, formation motion design"
18,Ma√Ætriser la Mod√©lisation 3D avec Blender 2.8,18 janv. 2020,4:54,"D√©buter avec Blender, Logiciel de 3D, Trucs et astuces, Bon √† savoir, Blender, Mod√©lisation, Blender 2.8, Tutoriel, D√©couverte, Blender d√©butant, Blender apprendre, Mod√©liser en 3D"
19,La CREALITY CR-10S PRO vaut-elle le coup ?,1 f√©vr. 2019,16:27,"heliox, le labo d'heliox, le labo, impression 3D, fusion 360, imprimante 3d, creality cr10, creality cr10 s, creality cr10s, test creality cr10, test creality cr10s pro, cr10s pro, test imprimante 3d, creality cr-10, cr-10s, CR10S PRO, creality cr-10s pro, test creality cr-10s pro, creality, avis cr-10s pro"
